variant,demo,run,parse_ms,p1_ms,p2_ms,p3_ms,parse_pause_ms,parse_alloc_mb,retained_mb,gen0,gen1,gen2,build_ms,eval_ms,eval_pause_ms,eval_alloc_mb,frames,inner_messages,enum_ms,enum_alloc_mb,enum_pause_ms,walked,eval_gen0,eval_gen1,eval_gen2,load1
before,match730_003770625492944683328_1992712646_129.dem,1,736.10,43.15,626.04,66.55,370.40,1417.4,996.8,134,35,1,21.52,2293.37,790.22,1034.3,223628,2569893,165.77,213.3,4.77,212505,130,48,1,3.57
after,match730_003770625492944683328_1992712646_129.dem,1,681.35,30.41,591.83,58.76,349.00,1421.2,1001.0,134,36,1,20.93,1795.80,508.97,887.6,223628,2569893,164.15,213.3,4.25,212505,111,35,0,3.61
before,match730_003772273407471648848_0265700985_129.dem,1,383.71,14.89,328.72,39.81,179.60,817.7,596.2,78,21,1,21.56,1342.83,425.23,629.9,123283,1421353,97.11,117.8,2.00,117145,81,28,1,2.87
after,match730_003772273407471648848_0265700985_129.dem,1,387.11,14.88,335.21,36.73,188.65,812.5,591.4,78,21,1,22.23,1043.99,283.84,549.2,123283,1421353,99.37,117.8,2.20,117145,70,21,0,3.15
before,match730_003774064632172380508_1522348072_129.dem,1,713.59,26.95,627.45,58.85,365.23,1490.6,818.4,141,40,1,20.95,2203.30,811.65,1086.5,228902,2633111,167.45,218.6,4.86,217531,136,47,1,2.74
after,match730_003774064632172380508_1522348072_129.dem,1,724.71,31.64,622.64,70.00,363.50,1490.0,817.6,141,39,1,22.02,1938.35,517.78,931.5,228902,2633111,166.84,218.6,4.58,217531,116,39,0,3.17
before,match730_003774074388190593393_1164257366_406.dem,1,181.03,4.19,166.18,10.51,39.00,137.3,120.1,12,4,0,24.05,602.55,121.32,214.8,35731,212721,17.05,16.0,0.44,34980,29,11,1,2.98
after,match730_003774074388190593393_1164257366_406.dem,1,204.54,4.18,190.82,9.40,42.26,137.4,119.9,12,4,0,23.50,385.85,105.93,204.1,35731,212721,16.24,16.0,0.49,34980,28,11,1,2.47
before,match730_003774148188613640349_0469622444_125.dem,1,467.57,17.74,394.61,54.90,224.97,951.0,740.3,90,23,1,21.57,1623.56,492.47,712.5,145716,1674786,119.31,138.7,3.12,138499,91,32,1,2.23
after,match730_003774148188613640349_0469622444_125.dem,1,474.79,20.21,396.49,57.76,230.03,949.7,739.0,90,24,1,22.81,1189.25,313.69,615.1,145716,1674786,120.46,138.7,2.62,138499,78,23,0,2.73
before,match730_003774158895967109270_0748090338_404.dem,1,293.78,10.86,252.01,30.66,149.79,601.1,362.5,56,15,1,21.84,1153.69,341.90,494.1,91566,1055279,72.31,87.5,1.69,86995,65,23,1,2.66
after,match730_003774158895967109270_0748090338_404.dem,1,291.92,11.00,249.39,31.28,143.68,603.1,364.4,56,15,1,21.82,880.30,237.58,432.9,91566,1055279,69.98,87.5,1.61,86995,57,18,1,2.71
before,match730_003774170838123675757_1031274198_117.dem,1,482.82,19.47,414.22,48.77,229.99,1018.0,565.0,94,27,1,22.04,1452.60,508.86,746.3,162641,1874072,141.64,155.5,17.75,154556,95,34,1,2.91
after,match730_003774170838123675757_1031274198_117.dem,1,486.48,19.55,421.57,45.01,238.66,1019.0,565.7,94,28,1,21.48,1210.49,327.58,641.5,162641,1874072,121.12,155.5,3.00,154556,81,25,0,2.47
before,match730_003774267902237081923_1151265719_407.dem,1,225.70,6.72,208.83,9.96,73.56,209.8,123.0,19,6,0,22.00,653.43,203.32,277.5,59512,337107,23.67,25.2,0.57,58296,37,14,1,3.66
after,match730_003774267902237081923_1151265719_407.dem,1,206.90,6.72,188.61,11.39,59.56,210.7,190.4,19,6,0,21.39,525.35,151.04,263.3,59512,337107,24.88,25.2,0.76,58296,35,12,1,3.56
before,match730_003774343117851853026_1332064495_118.dem,1,322.92,12.93,269.11,40.64,171.81,623.7,422.6,58,16,1,26.38,1176.09,375.69,557.9,110442,1255848,78.36,104.2,2.02,105018,73,25,1,3.13
after,match730_003774343117851853026_1332064495_118.dem,1,319.28,13.02,272.86,33.12,165.34,627.5,426.5,58,15,1,25.29,1003.03,263.40,484.5,110442,1255848,74.42,104.2,2.10,105018,63,21,1,2.98
before,match730_003776138027634524837_1685184808_389.dem,1,379.36,14.57,331.10,33.41,186.57,790.2,579.8,74,20,1,22.04,1370.81,428.73,618.2,123467,1422604,95.41,118.0,2.00,117315,79,29,1,3.10
after,match730_003776138027634524837_1685184808_389.dem,1,372.14,14.58,316.70,40.56,176.99,784.5,575.5,74,20,1,21.13,923.10,267.78,537.9,123467,1422604,96.94,118.0,2.43,117315,68,23,0,6.35
before,match730_003776517348408688739_1163782782_410.dem,1,406.66,15.23,355.88,35.26,203.98,791.2,599.3,77,21,1,20.93,1527.63,460.78,672.9,121233,1400111,92.33,116.3,2.14,115193,86,32,1,6.12
after,match730_003776517348408688739_1163782782_410.dem,1,384.88,15.89,336.36,32.33,189.92,795.7,603.3,77,20,1,21.27,1168.76,320.67,594.0,121233,1400111,91.60,116.3,2.48,115193,76,25,1,5.35
before,match730_003777343659314249787_1857131197_392.dem,1,417.12,17.43,361.10,38.26,210.96,815.6,652.2,76,23,1,20.88,1434.66,429.30,628.2,149109,1603153,111.40,132.1,2.07,142239,79,28,1,4.31
after,match730_003777343659314249787_1857131197_392.dem,1,429.54,17.70,368.11,43.41,214.30,815.3,652.1,76,23,1,21.22,921.16,272.25,541.3,149109,1603153,120.74,132.1,16.81,142239,67,20,0,3.44
before,match730_003778819064332288309_2122969707_408.dem,1,403.34,15.70,346.83,40.51,200.20,791.7,614.9,75,21,1,21.12,1423.74,432.49,637.5,130670,1493559,106.06,123.9,2.16,124165,82,30,1,3.44
after,match730_003778819064332288309_2122969707_408.dem,1,391.53,15.60,338.07,37.55,196.30,789.6,612.6,75,20,1,21.14,954.99,283.51,555.1,130670,1493559,107.59,123.9,15.54,124165,70,21,0,2.97
before,match730_003779845759084527650_0449092279_123.dem,1,599.75,22.99,535.95,40.49,299.04,1269.8,818.2,118,30,1,21.80,1592.64,617.32,861.6,196844,2267875,173.16,188.1,10.98,187037,108,35,1,5.30
after,match730_003779845759084527650_0449092279_123.dem,1,609.26,27.37,536.90,44.61,311.22,1268.9,817.6,118,31,1,21.58,1204.23,404.69,735.9,196844,2267875,164.67,188.1,10.51,187037,92,26,0,4.53
before,match730_003780635290037649646_0665775997_405.dem,1,222.69,8.92,192.28,21.26,120.49,431.0,244.0,40,11,1,26.08,995.57,288.34,408.6,71567,815443,51.97,67.6,1.40,67691,53,19,1,3.74
after,match730_003780635290037649646_0665775997_405.dem,1,222.99,8.63,192.54,21.60,119.17,428.9,242.0,40,11,1,26.32,1561.69,212.19,371.9,71567,815443,51.54,67.6,1.16,67691,48,14,1,2.95
after,match730_003770625492944683328_1992712646_129.dem,2,692.27,26.26,601.76,63.88,355.49,1418.6,997.8,134,35,1,22.02,1712.99,510.04,887.6,223628,2569893,159.41,213.3,4.53,212505,111,35,0,2.37
before,match730_003770625492944683328_1992712646_129.dem,2,701.39,31.08,604.91,65.02,357.85,1419.5,998.8,134,35,1,20.79,2255.31,768.41,1034.2,223628,2569893,178.76,213.3,17.99,212505,130,45,1,2.46
after,match730_003772273407471648848_0265700985_129.dem,2,390.49,14.72,341.18,34.31,195.25,815.8,594.6,78,21,1,20.93,1035.59,275.88,549.2,123283,1421353,97.37,117.8,2.35,117145,70,22,0,3.29
before,match730_003772273407471648848_0265700985_129.dem,2,373.89,14.83,322.68,36.10,173.41,816.7,595.4,78,20,1,21.47,1351.80,415.52,629.7,123283,1421353,104.92,117.8,14.41,117145,81,30,1,2.78
after,match730_003774064632172380508_1522348072_129.dem,2,724.97,27.13,639.00,58.46,376.54,1490.7,818.4,141,40,1,21.50,1983.67,531.48,931.5,228902,2633111,163.91,218.6,4.60,217531,116,39,0,2.45
before,match730_003774064632172380508_1522348072_129.dem,2,700.97,28.39,614.71,57.50,353.78,1500.5,827.8,141,40,1,21.53,2357.40,797.89,1086.6,228902,2633111,162.16,218.6,4.48,217531,136,48,1,3.09
after,match730_003774074388190593393_1164257366_406.dem,2,198.78,4.27,184.28,10.08,39.16,138.4,121.3,12,4,0,22.95,380.48,103.22,205.5,35731,212721,18.61,16.0,3.39,34980,28,10,1,2.34
before,match730_003774074388190593393_1164257366_406.dem,2,149.34,4.13,135.03,9.97,37.33,135.3,118.1,12,4,0,23.18,454.05,118.67,213.2,35731,212721,17.88,16.0,0.82,34980,29,11,1,3.07
after,match730_003774148188613640349_0469622444_125.dem,2,464.20,17.52,395.86,50.48,230.59,949.0,738.3,90,24,1,20.99,1197.15,316.45,615.2,145716,1674786,117.76,138.7,2.93,138499,78,23,0,2.69
before,match730_003774148188613640349_0469622444_125.dem,2,463.92,17.24,393.66,52.71,225.10,950.2,739.4,90,24,1,21.56,1616.70,486.12,712.7,145716,1674786,115.13,138.7,2.81,138499,91,33,1,2.47
after,match730_003774158895967109270_0748090338_404.dem,2,295.23,10.76,252.13,32.09,146.99,605.2,366.4,56,15,1,21.16,873.88,235.32,433.0,91566,1055279,67.59,87.5,1.71,86995,57,19,1,3.25
before,match730_003774158895967109270_0748090338_404.dem,2,293.13,11.15,248.04,33.69,148.07,602.9,364.3,56,15,1,22.16,1119.93,333.73,494.1,91566,1055279,79.52,87.5,10.14,86995,64,23,1,2.60
after,match730_003774170838123675757_1031274198_117.dem,2,488.83,19.39,423.78,45.29,241.83,1018.7,565.7,94,27,1,21.23,1217.73,329.19,641.5,162641,1874072,133.65,155.5,3.17,154556,81,25,0,2.44
before,match730_003774170838123675757_1031274198_117.dem,2,494.89,19.23,431.04,44.29,246.73,1020.5,567.2,94,26,1,21.72,1520.59,510.10,746.5,162641,1874072,123.59,155.5,3.04,154556,96,34,1,2.40
after,match730_003774267902237081923_1151265719_407.dem,2,214.79,6.76,196.48,11.41,62.58,211.9,191.3,19,6,0,21.72,547.36,151.13,263.8,59512,337107,23.23,25.3,0.70,58296,34,13,1,2.42
before,match730_003774267902237081923_1151265719_407.dem,2,137.55,6.90,120.02,10.44,73.16,209.7,122.9,19,6,0,21.40,609.94,199.19,276.9,59512,337107,27.78,25.2,5.50,58296,36,13,1,2.10
after,match730_003774343117851853026_1332064495_118.dem,2,321.09,13.27,275.34,32.22,169.21,628.8,427.6,58,16,1,25.82,906.92,256.36,484.5,110442,1255848,74.34,104.2,2.21,105018,63,21,1,1.78
before,match730_003774343117851853026_1332064495_118.dem,2,320.96,13.18,267.21,40.31,170.55,625.5,424.6,58,16,1,25.46,1276.24,382.91,557.8,110442,1255848,73.70,104.2,2.26,105018,72,25,1,2.42
after,match730_003776138027634524837_1685184808_389.dem,2,376.76,14.84,321.35,40.30,182.98,788.0,578.3,74,19,1,20.97,912.64,276.95,537.9,123467,1422604,103.51,118.0,14.53,117315,68,21,0,2.62
before,match730_003776138027634524837_1685184808_389.dem,2,381.56,14.66,330.87,35.72,188.49,787.1,577.3,74,19,1,21.35,1372.46,413.93,618.2,123467,1422604,96.04,118.0,2.15,117315,79,27,1,2.33
after,match730_003776517348408688739_1163782782_410.dem,2,374.57,14.31,327.37,32.64,189.31,794.2,602.7,77,20,1,21.70,1185.50,334.17,594.0,121233,1400111,96.12,116.3,15.00,115193,76,23,1,2.54
before,match730_003776517348408688739_1163782782_410.dem,2,383.50,14.54,332.98,35.71,185.53,794.9,602.4,77,20,1,21.07,1534.29,464.49,672.3,121233,1400111,83.04,116.3,2.06,115193,86,31,1,2.80
after,match730_003777343659314249787_1857131197_392.dem,2,413.89,17.52,352.08,43.94,209.17,817.7,653.3,76,22,1,21.41,922.31,277.24,541.2,149109,1603153,96.35,132.1,2.84,142239,67,19,0,2.32
before,match730_003777343659314249787_1857131197_392.dem,2,412.27,17.36,350.95,43.64,203.83,813.4,650.2,76,23,1,22.27,1364.96,437.73,628.2,149109,1603153,103.83,132.1,2.03,142239,80,29,1,2.31
after,match730_003778819064332288309_2122969707_408.dem,2,398.08,15.73,342.29,39.79,199.59,793.7,616.7,75,20,1,21.56,955.60,280.31,555.0,130670,1493559,97.19,123.9,2.42,124165,70,21,0,2.15
before,match730_003778819064332288309_2122969707_408.dem,2,383.32,15.41,332.79,34.85,189.11,791.8,615.1,75,20,1,21.25,1410.44,434.84,637.6,130670,1493559,93.79,123.9,2.04,124165,81,29,1,2.18
after,match730_003779845759084527650_0449092279_123.dem,2,632.10,23.56,552.48,55.51,321.94,1271.0,819.8,118,31,1,21.37,1209.10,405.28,736.0,196844,2267875,170.34,188.1,11.03,187037,91,25,0,1.92
before,match730_003779845759084527650_0449092279_123.dem,2,619.67,24.10,539.02,56.18,315.39,1269.6,818.3,118,31,1,22.06,1615.28,626.59,861.3,196844,2267875,166.78,188.1,11.28,187037,109,38,1,1.95
after,match730_003780635290037649646_0665775997_405.dem,2,215.56,8.38,185.48,21.50,116.18,428.9,242.1,39,10,0,27.01,1447.35,203.39,369.8,71567,815443,51.37,67.6,1.22,67691,46,14,1,2.06
before,match730_003780635290037649646_0665775997_405.dem,2,207.81,8.53,179.67,19.42,112.85,427.9,240.8,39,10,0,25.96,999.11,296.03,408.8,71567,815443,51.13,67.6,1.32,67691,53,19,1,2.62
before,match730_003770625492944683328_1992712646_129.dem,3,674.68,26.42,597.02,50.91,340.62,1413.4,993.8,133,34,1,21.02,2282.93,760.15,1034.2,223628,2569893,158.72,213.3,4.12,212505,130,46,1,2.26
after,match730_003770625492944683328_1992712646_129.dem,3,680.10,29.25,589.93,60.56,344.70,1415.1,994.7,134,34,1,21.66,1710.91,516.96,887.6,223628,2569893,171.91,213.3,17.32,212505,111,33,0,2.95
before,match730_003772273407471648848_0265700985_129.dem,3,392.32,14.81,338.19,39.02,185.68,817.1,595.5,78,21,1,21.12,1318.50,425.38,629.8,123283,1421353,95.56,117.8,2.07,117145,81,27,1,2.31
after,match730_003772273407471648848_0265700985_129.dem,3,395.08,14.50,341.53,38.74,194.85,815.9,594.5,78,21,1,21.05,1052.87,281.80,549.1,123283,1421353,97.76,117.8,2.35,117145,70,20,0,1.94
before,match730_003774064632172380508_1522348072_129.dem,3,714.10,26.88,618.53,68.24,359.35,1485.4,813.2,141,40,1,20.85,2402.57,796.78,1086.2,228902,2633111,177.37,218.6,4.21,217531,137,50,1,1.73
after,match730_003774064632172380508_1522348072_129.dem,3,710.83,31.41,615.12,63.95,355.65,1486.1,814.1,141,40,1,21.03,1991.20,525.19,931.5,228902,2633111,169.69,218.6,4.79,217531,116,38,0,3.20
before,match730_003774074388190593393_1164257366_406.dem,3,219.67,4.14,205.42,10.00,40.06,140.4,123.1,12,4,0,22.59,766.34,119.41,214.9,35731,212721,19.98,16.0,3.35,34980,29,11,1,3.01
after,match730_003774074388190593393_1164257366_406.dem,3,184.46,4.15,169.72,10.42,39.42,136.3,119.1,12,4,0,22.09,483.53,106.10,206.4,35731,212721,19.13,16.0,3.21,34980,28,10,1,2.56
before,match730_003774148188613640349_0469622444_125.dem,3,467.06,17.21,397.15,52.40,230.32,950.6,740.0,90,24,1,21.28,1563.58,492.53,712.3,145716,1674786,112.93,138.7,2.67,138499,91,33,1,2.14
after,match730_003774148188613640349_0469622444_125.dem,3,467.27,17.32,394.49,55.13,228.90,945.3,734.9,90,24,1,21.37,1199.61,316.63,615.2,145716,1674786,118.13,138.7,2.81,138499,78,23,0,2.04
before,match730_003774158895967109270_0748090338_404.dem,3,291.78,11.23,249.47,30.82,148.69,599.9,361.3,56,15,1,21.81,1147.55,325.82,494.1,91566,1055279,70.16,87.5,1.77,86995,64,22,1,2.73
after,match730_003774158895967109270_0748090338_404.dem,3,296.32,10.81,250.42,34.84,143.50,601.2,362.7,56,15,1,21.59,874.89,233.68,432.8,91566,1055279,72.60,87.5,1.58,86995,56,18,1,3.54
before,match730_003774170838123675757_1031274198_117.dem,3,503.97,20.80,438.01,44.82,241.98,1017.4,564.2,94,28,1,20.90,1459.02,510.36,745.8,162641,1874072,127.15,155.5,3.17,154556,96,35,1,3.21
after,match730_003774170838123675757_1031274198_117.dem,3,468.82,19.17,404.05,45.25,225.35,1018.8,565.8,94,27,1,22.04,1195.39,332.86,641.6,162641,1874072,126.53,155.5,2.96,154556,81,23,0,2.87
before,match730_003774267902237081923_1151265719_407.dem,3,194.92,7.08,177.38,10.31,60.01,212.8,192.3,19,6,0,21.44,594.05,172.35,277.4,59512,337107,28.55,25.2,5.29,58296,36,15,1,3.24
after,match730_003774267902237081923_1151265719_407.dem,3,134.66,6.68,117.14,10.64,61.26,208.8,188.4,19,6,0,21.52,542.40,150.63,263.4,59512,337107,22.23,25.2,0.53,58296,35,12,1,3.05
before,match730_003774343117851853026_1332064495_118.dem,3,313.24,13.01,262.45,37.47,163.10,625.8,424.6,58,16,1,26.04,1251.57,388.02,557.9,110442,1255848,84.08,104.2,2.33,105018,72,26,1,3.42
after,match730_003774343117851853026_1332064495_118.dem,3,315.61,13.09,271.14,31.09,165.76,629.9,428.6,58,15,1,25.20,1005.35,263.39,484.5,110442,1255848,79.94,104.2,2.11,105018,63,22,1,3.35
before,match730_003776138027634524837_1685184808_389.dem,3,382.14,14.52,329.93,37.41,183.43,785.8,576.4,74,19,1,21.06,1378.34,410.07,618.2,123467,1422604,106.64,118.0,13.53,117315,79,27,1,3.24
after,match730_003776138027634524837_1685184808_389.dem,3,383.66,14.82,326.69,41.84,186.89,786.0,576.4,74,19,1,21.67,924.41,272.44,537.9,123467,1422604,100.28,118.0,2.57,117315,68,23,0,3.18
before,match730_003776517348408688739_1163782782_410.dem,3,391.05,14.29,340.07,36.45,191.61,794.7,602.3,77,20,1,22.07,1500.63,470.03,672.8,121233,1400111,83.65,116.3,2.02,115193,86,31,1,2.70
after,match730_003776517348408688739_1163782782_410.dem,3,381.58,14.38,330.54,36.36,187.21,793.6,601.5,77,20,1,21.91,1224.87,323.63,594.0,121233,1400111,88.11,116.3,2.56,115193,76,25,1,2.96
before,match730_003777343659314249787_1857131197_392.dem,3,425.90,17.48,364.86,43.25,215.22,816.8,653.3,76,23,1,21.25,1403.85,417.18,628.2,149109,1603153,99.38,132.1,2.19,142239,79,29,1,2.67
after,match730_003777343659314249787_1857131197_392.dem,3,411.89,17.50,354.13,39.94,207.83,815.6,652.2,76,23,1,22.02,933.65,274.02,541.2,149109,1603153,100.92,132.1,2.62,142239,67,19,0,3.41
before,match730_003778819064332288309_2122969707_408.dem,3,395.68,15.40,340.93,39.06,198.14,790.5,613.5,75,20,1,21.38,1431.06,429.75,637.7,130670,1493559,100.82,123.9,2.20,124165,81,28,1,3.51
after,match730_003778819064332288309_2122969707_408.dem,3,383.46,15.61,328.47,39.10,186.26,790.3,613.4,75,20,1,21.55,943.73,279.13,555.1,130670,1493559,100.90,123.9,2.79,124165,70,22,0,2.87
before,match730_003779845759084527650_0449092279_123.dem,3,610.48,23.18,529.81,57.14,308.81,1265.7,814.6,118,32,1,22.14,1784.19,646.44,861.2,196844,2267875,178.67,188.1,4.59,187037,108,36,1,2.50
after,match730_003779845759084527650_0449092279_123.dem,3,675.32,28.20,589.42,57.29,326.38,1271.1,819.4,118,30,1,23.22,1367.78,432.47,735.9,196844,2267875,172.31,188.1,11.68,187037,91,26,0,2.65
before,match730_003780635290037649646_0665775997_405.dem,3,229.31,8.74,200.57,19.74,120.92,428.6,241.6,39,10,0,29.70,1079.85,298.25,408.6,71567,815443,62.09,67.6,1.72,67691,53,18,1,2.66
after,match730_003780635290037649646_0665775997_405.dem,3,230.42,8.63,201.40,20.18,118.42,428.9,242.0,40,11,1,30.29,850.30,214.10,363.2,71567,815443,59.92,67.6,1.40,67691,47,15,1,2.57
